office02.txt,2444
office16.txt,1278
son09.txt,2237
police03.txt,547
police02.txt,1111
son08.txt,899
office17.txt,2178
office03.txt,1409
office15.txt,2103
office01.txt,642
police01.txt,495
office14.txt,692
office10.txt,765
office04.txt,543
police05.txt,738
police04.txt,1360
office05.txt,575
office11.txt,1084
office07.txt,1671
office13.txt,1063
police06.txt,3961
police07.txt,446
office12.txt,1176
office06.txt,591
son14.txt,1550
son01.txt,2137
son15.txt,699
office08.txt,1082
son03.txt,487
son16.txt,1075
son02.txt,517
office09.txt,1316
office19.txt,1167
son06.txt,3943
son12.txt,1521
son13.txt,1313
son07.txt,1943
office18.txt,821
son11.txt,1489
son05.txt,1952
son04.txt,615
son10.txt,2786
