data032.txt,10725
data026.txt,21052
data027.txt,8833
data033.txt,23471
data019.txt,13101
data025.txt,23873
data031.txt,26498
data030.txt,12965
data024.txt,32788
data018.txt,9890
data020.txt,10448
data034.txt,12275
data008.txt,36118
data009.txt,34711
data035.txt,23159
data021.txt,16140
data037.txt,29895
data023.txt,21265
data022.txt,23467
data036.txt,23650
data042.txt,22580
data040.txt,15977
data041.txt,17085
data013.txt,14771
data007.txt,16128
data006.txt,21075
data012.txt,16186
data038.txt,8675
data004.txt,14633
data010.txt,18266
data011.txt,18077
data005.txt,22557
data039.txt,11216
data001.txt,15357
data015.txt,16145
data029.txt,14425
data028.txt,17583
data014.txt,17413
data016.txt,23052
data002.txt,25541
data003.txt,13275
data017.txt,12192
